zipcode,dbh_mean,curb_ratio,sidewalk_ratio,species_1,species_2,species_3,tree_count,Good,Fair,Poor,issuing_agency_1,issuing_agency_2,issuing_agency_3,penalty_imposed,charge_1,charge_2,charge_3,crime_count,crime_above_avg,cluster
83,2.004250210598703,-0.7939919504348344,-0.08761343979045699,-2.0708031753704175,1.332724774732283,0.42385288448158587,-0.9031044980562586,-0.8359693345832212,-1.1009908569149038,-1.0646940016753346,0.47363323673893,-0.13785750624449097,0.1593860492303503,-2.7959174403455163,0.2694053265280608,0.3745960694383825,0.5477835260927694,-1.4260296725254333,0,2
10001,-1.2218138571474682,0.28078043911084505,0.0061087414223760855,0.7978041707216555,-1.3482818732700141,-1.0918818871971283,-0.9323014172367705,-0.9079574666607065,-0.959346666348378,-0.8826849535515049,-0.8262652816102504,1.272602965807989,-0.14637494317073005,0.6099546506635711,-0.20672347617253048,-2.060005750128396,-1.210338044460537,1.5540260910288388,1,0
10002,-0.8358858619406445,-0.6987810861876512,0.009414921017015718,-0.8414000270452434,0.6015411434589293,0.42385288448158587,-0.46657495030860546,-0.5016148175245391,-0.2929223599124283,-0.2179562560557793,-0.8262652816102504,0.567372729781749,0.770908034032511,0.6816244037475863,-1.5160776835991567,0.6821247203310282,-1.95620780166497,1.5877173400134723,1,0
10003,-0.6177510930195271,1.3639822780776465,-0.12373816982430123,0.7978041707216555,-1.3482818732700141,0.42385288448158587,-0.5431278481599476,-0.5779395840645236,-0.35329529359652134,-0.3208309354301178,-0.8262652816102504,0.567372729781749,-0.14637494317073005,0.5401069739990529,-1.5160776835991567,-2.060005750128396,-0.9173177827016527,2.5359316263406115,1,0
10004,-1.4716406728085818,-0.7484321000686308,1.5740164063239594,0.7978041707216555,0.1140853892766934,-1.0918818871971283,-1.193293389911346,-1.177696130228152,-1.1520756469552902,-1.1042611860500802,-0.8262652816102504,-0.314165065251051,-2.1338213937777524,0.5193833068662288,0.23964727635927388,-1.3680662856199435,-1.95620780166497,-0.7590077334931205,1,0
10005,-1.6550701389509996,-0.7620005884158848,1.3582876093658176,1.2076052201633802,0.6015411434589293,-1.3084154260083731,-1.188664610041265,-1.1941753411856484,-1.0591942105182242,-1.0172133804256398,-0.8262652816102504,-0.314165065251051,-2.1338213937777524,0.7612653721206821,-2.2600289378188307,1.2459272469675453,0.6809745541649895,-1.1211886600779315,1,0
10006,-1.5715765456041015,0.29937780775463385,-0.13996073873907874,0.7978041707216555,-0.8608261190877784,0.42385288448158587,-1.217861529221777,-1.201547619771897,-1.1776180419754834,-1.1280014966749274,-0.8262652816102504,-0.314165065251051,-1.6751799051761318,1.418696961687273,-1.1887391317425,-2.060005750128396,-2.009484212893858,-1.1140616651004127,1,0
10007,-1.6036894661221395,-0.569659822565468,0.8132885433663019,0.7978041707216555,-1.3482818732700141,0.42385288448158587,-1.1146041321199667,-1.1009377002419174,-1.0777704978056373,-1.0092999435506906,-0.8262652816102504,-0.314165065251051,0.770908034032511,0.688887833814229,-2.2600289378188307,0.7333794954798025,-0.9173177827016527,-0.6981043218670521,1,0
10009,-0.8875567777610037,-0.6112823414658209,0.10761160205280121,0.7978041707216555,-1.3482818732700141,-0.8753483483858834,-0.5748171872705031,-0.5874801798820217,-0.47868523278656067,-0.4237056148044563,-0.8262652816102504,0.567372729781749,-0.2992554393712702,0.3874005217722504,-1.5160776835991567,0.6821247203310282,-1.95620780166497,0.7995364863633425,1,0
10010,-0.8275777049729942,-0.6821548610568081,0.0283719489037328,0.7978041707216555,-1.3482818732700141,0.42385288448158587,-0.9355059571468267,-0.9131614280157055,-0.9547025945265247,-0.8747715166765558,-0.8262652816102504,-0.314165065251051,0.6180275378319708,1.0605685256882311,-1.5160776835991567,-2.060005750128396,-0.9173177827016527,0.14190922252866786,1,0
10011,-0.7102335837276197,-0.02159566365681084,-0.021222289577215715,0.7978041707216555,-1.3482818732700141,0.42385288448158587,-0.508590029129342,-0.45261084809829905,-0.7387532548103459,-0.5265802941787948,-0.8262652816102504,-0.314165065251051,0.6180275378319708,0.6489164072216632,-2.2600289378188307,-1.3680662856199435,-0.9173177827016527,1.6337188530501836,1,0
10012,-0.8454808279472611,-0.4309178936133249,-0.0838521683205278,0.7978041707216555,-1.3482818732700141,-0.009214193140903906,-0.8682106190356469,-0.9053554859832071,-0.6389057106404997,-0.5978012260533367,-0.8262652816102504,0.567372729781749,-0.14637494317073005,0.3254120019954481,0.6562599787222912,-2.060005750128396,-1.210338044460537,0.8413265932769746,1,0
10013,-1.4276712873994084,-0.6702722137517837,0.1653650310964644,0.7978041707216555,-1.1045539961788964,-1.3084154260083731,-0.8318925000550101,-0.8867079577944609,-0.5553124178471402,-0.4157921779295072,-0.8262652816102504,-0.314165065251051,0.6180275378319708,0.7500788840727375,-2.2600289378188307,-1.3680662856199435,-0.9173177827016527,1.7004534423851307,1,0
10014,-0.6366809341429652,0.5118587826166235,-0.09562073241477444,0.3880031212799308,-1.3482818732700141,0.8569199621040756,-0.3437342537564519,-0.3879949946070622,-0.1234137384147826,-0.13882188730628817,-0.8262652816102504,0.567372729781749,-0.2992554393712702,0.27237781429566604,-2.2600289378188307,-1.3680662856199435,0.8674419934660977,0.8218893342473783,1,0
10016,-0.8894184293524432,-0.2297808615447236,-0.18747453970577724,0.7978041707216555,-1.3482818732700141,0.42385288448158587,-0.5993853265809339,-0.6967633683369995,-0.1582442770786824,-0.06760095543174616,-0.8262652816102504,-0.314165065251051,0.6180275378319708,0.9339440764670742,-2.2600289378188307,-1.3680662856199435,-0.9173177827016527,1.5439835071968806,1,0
10017,-1.1123099518987174,-0.4676464384950762,-0.06129839019789817,0.7978041707216555,0.1140853892766934,-1.3084154260083731,-0.9458316968570077,-0.9630327243344454,-0.8084143321381455,-0.6927624685527262,-0.8262652816102504,-0.314165065251051,-1.6751799051761318,1.4385655352784499,-2.2600289378188307,-1.3680662856199435,-0.9173177827016527,0.1905023701026586,1,0
10018,-1.687135816302964,-0.8005237091780188,0.5195099093047911,-1.661002125928693,0.1140853892766934,1.2899870397265654,-1.0779299531493236,-1.053234721154427,-1.1033128928258304,-0.9776461960508943,-0.8262652816102504,-0.314165065251051,0.6180275378319708,1.5178908543939624,-2.2600289378188307,-1.3680662856199435,-0.9173177827016527,0.3735365592980237,1,0
10019,-1.1137531534105598,-0.5411093935039443,-0.06482127353638531,0.7978041707216555,-1.3482818732700141,0.42385288448158587,-0.6584912849219701,-0.7574762508119871,-0.16521038481146239,-0.24961000355557578,-0.8262652816102504,-0.314165065251051,0.6180275378319708,0.8667604792515247,-2.2600289378188307,-1.3680662856199435,-0.9173177827016527,1.7328488741011248,1,0
10020,-1.4936578574694335,-0.8005237091780188,-0.09625839286700416,0.7978041707216555,0.6015411434589293,0.8569199621040756,-1.2014827696814898,-1.191139697061899,-1.1311773237569505,-1.112174622925029,-0.8262652816102504,-2.2535482143232106,-1.5222994089755917,0.0771109723340444,-2.2600289378188307,-1.0605376347272977,-1.210338044460537,-1.3139414787880948,1,0
10021,-0.5219728956830859,0.01842470288596714,-0.2044101688603042,0.7978041707216555,-1.3482818732700141,0.42385288448158587,-0.5637793275803097,-0.6265098900445137,-0.3788376886167145,0.1935424614415746,-0.8262652816102504,-0.314165065251051,0.6180275378319708,0.646834103703883,-2.2600289378188307,0.7333794954798025,-1.210338044460537,-0.23841314581709963,1,0
10022,-0.9932729433762154,-0.3465353729136427,-0.12228662587886469,0.7978041707216555,0.1140853892766934,-1.3084154260083731,-0.674513984472251,-0.7115079255094965,-0.46939708914285405,-0.40787874105455807,-0.8262652816102504,-0.314165065251051,0.6180275378319708,0.6834788996986673,-2.2600289378188307,-1.0605376347272977,-1.210338044460537,1.037966863793057,1,0
10023,-0.7711002957592619,-0.5473414096902914,-0.01937387274709181,0.7978041707216555,-1.3482818732700141,-0.009214193140903906,-0.45055225075832456,-0.4582484728995479,-0.32078679084354816,-0.5582340416785913,-0.8262652816102504,-0.314165065251051,-1.6751799051761318,0.8488440568303814,0.6562599787222912,1.2202998593931582,-1.95620780166497,-0.15191734313539612,1,0
10024,0.1569899856787378,-0.712091323586125,0.21367027766295688,0.7978041707216555,1.332724774732283,-1.524948964819618,-0.08452258103190743,-0.02154938252588662,-0.33239697039818145,-0.35248468292991425,-0.8262652816102504,0.567372729781749,-0.14637494317073005,0.17350750539329676,0.5074697278783565,0.7333794954798025,-1.95620780166497,0.22289780181865243,1,0
10025,-0.5285274449239109,-0.5434815068513663,-0.060984181309539684,0.7978041707216555,0.1140853892766934,-1.3084154260083731,0.03618175558020873,-0.0072384887996395295,0.14594242725270923,0.43885900456499716,-0.8262652816102504,0.567372729781749,-0.14637494317073005,0.6476983487195399,0.5074697278783565,-2.060005750128396,-1.210338044460537,0.76001405966983,1,0
10026,-0.4554411029341684,-0.11906298673061444,-0.09190228827912642,0.7978041707216555,-0.8608261190877784,0.42385288448158587,-0.6050822864210338,-0.6625039560832564,-0.30917661128891494,-0.3050040616802196,-0.8262652816102504,1.272602965807989,0.6180275378319708,-0.5707438044068109,-0.3257556768476783,0.5539877824590924,0.8141655822372097,-0.07708389587145038,1,0
10027,-0.9363192263581002,0.08352459165617702,-0.01256970247866076,0.7978041707216555,-1.3482818732700141,0.42385288448158587,-0.22196173717431697,-0.25963061451708824,-0.16288834890053572,0.359724635815506,1.12358249591352,-1.548317978296971,-0.2992554393712702,-0.2114942376510164,0.8050502295662261,0.6821247203310282,0.9739948159238739,0.8656231670639699,1,0
10028,-0.5266548878450756,1.4298321446020823,-0.17327923950319485,0.7978041707216555,-1.3482818732700141,0.42385288448158587,-0.6243095258813709,-0.6867891090732515,-0.3695495449730079,-0.08342782918164438,-0.8262652816102504,0.567372729781749,-0.14637494317073005,0.7458470268208252,0.6562599787222912,-1.3680662856199435,-1.95620780166497,0.015567038836291952,1,0
10029,-0.9827106429613437,-0.529248826766834,-0.19429517508228247,0.7978041707216555,-0.8608261190877784,-1.0918818871971283,-0.4366659111480811,-0.5350069028857823,0.066993206281203,-0.17047563480608463,-0.8262652816102504,0.567372729781749,0.770908034032511,0.014526768206275428,0.5967438783847174,0.6308699451822539,0.9207184046949858,0.6676870792792476,1,0
10030,-0.8092598084736231,-0.15067851342505545,-0.15853932751972563,0.7978041707216555,-1.3482818732700141,0.42385288448158587,-0.7674456418638803,-0.7570425873657373,-0.7062447520573727,-0.8352043323018102,1.12358249591352,1.272602965807989,-0.2992554393712702,-0.41106553319686884,-0.3257556768476783,-0.21483384477252188,0.8141655822372097,-0.609340838965229,1,0
10031,-0.7299409593758943,-0.28905811766026773,-0.1108111247103659,0.7978041707216555,1.332724774732283,-0.009214193140903906,-0.36046907328674527,-0.39059697528456166,-0.22093924667370207,-0.13090845043133906,-0.8262652816102504,0.567372729781749,1.2295495226341315,-0.2385466842283447,0.5967438783847174,-0.21483384477252188,0.9207184046949858,0.2387715633594894,1,0
10032,-0.8651033825748409,-0.4730168016328548,-0.03290674361747474,0.7978041707216555,1.332724774732283,-0.009214193140903906,-0.49719610944914233,-0.5775059206182737,-0.22093924667370207,0.2410230826912693,1.12358249591352,-1.548317978296971,1.2295495226341315,-0.33393661701534544,-0.2662395765101044,0.5539877824590924,0.9207184046949858,0.5747121902543454,1,0
10033,-0.9362297239769425,0.5801380827640907,-0.1727214901971689,0.7978041707216555,1.332724774732283,-0.009214193140903906,-0.5755293072505157,-0.6555653409432578,-0.2302273903174087,-0.04386064480689881,0.1486586071516349,-1.548317978296971,0.6180275378319708,-0.7526439394611567,0.8050502295662261,0.7077521079054153,-0.09153340865388751,0.3359578585074709,1,0
10034,-1.3181497494861694,-0.36821459121840233,0.5412336482991774,-1.251201076486968,0.6015411434589293,-0.009214193140903906,-0.6987260637926755,-0.7804604134632325,-0.3138206831107682,-0.2179562560557793,-0.8262652816102504,1.272602965807989,0.6180275378319708,-0.3695701238492842,0.834808279735013,-0.21483384477252188,0.09493403064722074,-0.05635081957321434,1,0
10035,-0.874089588954891,-0.19114732527639253,-0.15474576325682143,0.7978041707216555,-1.3482818732700141,1.2899870397265654,-0.5694762874204096,-0.5961534488070199,-0.5135157714504605,-0.02803377105700058,1.12358249591352,-0.49047262425761096,-1.3694189127750513,-0.325910045993075,0.5372277780471435,0.6821247203310282,0.8408037878516538,-0.055702910938894463,1,0
10036,-1.045160858896166,0.309223473507228,-0.1606140950912152,0.7978041707216555,0.1140853892766934,-1.3084154260083731,-0.941915036966939,-0.9573950995331966,-0.8246685835146321,-0.6531952841779806,-0.8262652816102504,-0.314165065251051,-1.6751799051761318,1.203594488102817,-2.2600289378188307,-1.3680662856199435,-0.9173177827016527,1.4072747853553866,1,0
10037,-0.7210609509168181,-0.6294943368288896,-0.1071668007399473,0.7978041707216555,-0.8608261190877784,0.42385288448158587,-1.0003088753279628,-0.9977258000344383,-0.9268381635954048,-0.8668580798016067,-0.8262652816102504,-0.314165065251051,1.2295495226341315,-0.25376188227393387,-0.3257556768476783,0.6821247203310282,-1.95620780166497,-0.9893392529938365,1,0
10038,-0.9959993078290331,-0.7548039614603214,0.4201439179786168,0.7978041707216555,0.1140853892766934,-0.8753483483858834,-1.1081950522998543,-1.1109119595056653,-0.9895331331904245,-0.9855596329258434,-0.8262652816102504,-0.314165065251051,-1.6751799051761318,1.323818383286,-2.2600289378188307,-1.0605376347272977,-1.210338044460537,-0.457082309900058,1,0
10039,-0.6564320356880903,-0.13837563878377973,-0.10475360456095652,1.617406269605105,0.6015411434589293,-1.3084154260083731,-0.9600740964572574,-0.9318089562044517,-0.9779229536357912,-1.0013865066757417,1.6110444402944628,-1.548317978296971,1.0766690264335914,-0.36160146957247724,-0.3257556768476783,-0.21483384477252188,0.9207184046949858,-0.8996039071405336,1,0
10040,-1.1456456791388645,-0.07735174562954526,-0.12432405271247574,0.7978041707216555,-1.1045539961788964,1.2899870397265654,-0.7183093632430189,-0.7808940769094824,-0.40902415545876103,-0.3208309354301178,1.6110444402944628,0.567372729781749,-1.3694189127750513,-1.0648092365988118,0.834808279735013,-0.21483384477252188,0.8141655822372097,-0.39682680690830946,1,0
10065,-0.6833646163803624,0.16981408002697565,-0.14288789513175892,0.7978041707216555,-1.3482818732700141,0.42385288448158587,-0.5830065670406467,-0.6919930704282504,-0.13037984614756257,0.11440809269208348,-0.8262652816102504,-0.314165065251051,-1.6751799051761318,1.0460888543292786,-2.2600289378188307,-1.3680662856199435,1.3735679001405345,-0.2980207401745283,1,0
10069,-2.0726835649073494,-0.7590781447718609,-0.23478658355584434,1.617406269605105,1.088996897641165,-0.8753483483858834,-1.1950736898613774,-1.1954763315243981,-1.0638382823400774,-1.1200880597999783,-0.8262652816102504,-0.314165065251051,-0.7578969279728908,-0.3528662482921654,1.3109370824356044,-2.060005750128396,-0.9173177827016527,-1.400761235786958,0,0
10075,-0.36415645251872386,3.316933708556824,-0.21418648623358147,0.7978041707216555,-1.3482818732700141,0.42385288448158587,-0.9248241574466394,-0.9391812347907003,-0.8502109785348253,-0.5186668573038457,-0.8262652816102504,1.272602965807989,-0.14637494317073005,-0.13679313679923558,-0.08769127549738266,-2.060005750128396,-1.210338044460537,-0.598650346498951,1,0
10111,-0.9415053802009231,-0.8005237091780188,-0.20159753786997636,0.7978041707216555,0.6015411434589293,0.8569199621040756,-1.2260509089919205,-1.2102208886968953,-1.1845841497082634,-1.1280014966749274,-0.8262652816102504,0.391065170775189,0.3122665454308905,-1.7903006171280764,0.41819557737199564,-1.3680662856199435,0.6276981429361015,-1.4208464034508743,0,0
10128,-0.4332820914725737,-0.00981489753003234,-0.18680242111844486,0.7978041707216555,-1.3482818732700141,0.42385288448158587,-0.5107263890693795,-0.5683989882470255,-0.27666810853594176,-0.03594720793194969,-0.8262652816102504,0.567372729781749,-0.2992554393712702,0.2122118914117335,0.5074697278783565,-2.060005750128396,0.8674419934660977,0.051849922358205035,1,0
10280,-0.9430741848455625,-0.7442173902887596,13.074020736477207,-1.661002125928693,0.6015411434589293,-1.0918818871971283,-1.0907481127895484,-1.068412941773174,-1.0986688210039772,-1.0013865066757417,-0.8262652816102504,-0.314165065251051,-2.1338213937777524,0.8317569518773625,-2.2600289378188307,1.2202998593931582,1.5333971338271986,-1.3486045907242081,0,0
10281,-1.0974136277019582,-0.7854686964663803,-0.23478658355584434,1.2076052201633802,-1.5920097503611321,-1.524948964819618,-1.2096721494516334,-1.1989456390943976,-1.1451095392225104,-1.1042611860500802,0.31114592194528246,-1.548317978296971,0.46514704163143067,-0.20373815883500687,1.3109370824356044,1.1946724718187711,-1.95620780166497,-1.4146912714248354,0,0
10282,-1.0225375505414123,-0.6446600481634078,-0.23478658355584434,2.0272073190468296,0.6015411434589293,1.0734535009153205,-1.1530586110406407,-1.1260901801244123,-1.1636858265099235,-1.112174622925029,0.47363323673893,0.03845005276206901,-1.3694189127750513,-1.3471226882339895,0.20988922619048692,0.3489686818639953,0.5211453204783253,-1.2705316002886629,1,0
10301,0.8288579495664483,-0.4738709728249199,-0.13206149555821006,-0.8414000270452434,-1.3482818732700141,1.2899870397265654,0.8227182735039981,0.851415134775186,0.6242818249036,0.6208680526888268,0.1486586071516349,0.567372729781749,-1.3694189127750513,-0.5691875264445805,0.7752921793974391,0.8615164333517382,0.8674419934660977,-0.0712527181625715,1,0
10302,0.19911053064656736,-0.4474451993787874,-0.12241338385417566,-0.8414000270452434,1.332724774732283,0.20731934567034097,-0.4170826116977378,-0.3290167659170742,-0.7805499012070256,-0.6057146629282859,0.1486586071516349,-1.548317978296971,0.6180275378319708,-0.11915288300461646,0.7752921793974391,0.8615164333517382,0.8940801990805418,-0.6712161135427771,1,0
10303,-0.8900184381909515,-0.3313985367692052,-0.016196661969610525,-1.661002125928693,-0.12964248781442453,0.8569199621040756,-0.14184823942291244,-0.21452961610709742,0.048416918993789776,0.5971277420639794,0.1486586071516349,0.567372729781749,-1.3694189127750513,-1.2451297694367862,0.7752921793974391,0.7590068830541896,1.000633021538318,-0.5014640513509695,1,0
10304,0.10630124043078576,-0.19230463480833748,-0.13822187850405246,-0.8414000270452434,-1.3482818732700141,1.2899870397265654,0.7774986547732053,0.8349359238176894,0.4803155984261474,0.4072052570652007,0.1486586071516349,0.567372729781749,-1.3694189127750513,-0.88852863717765,0.5967438783847174,0.835889045777351,0.8674419934660977,-0.25914622211533567,1,0
10305,-0.07533724353534904,-0.32475198830077945,-0.09584712394800968,-1.661002125928693,1.332724774732283,0.20731934567034097,1.1275056249493416,1.1636528160751227,0.8680955955508985,0.8661845958122493,-0.8262652816102504,0.567372729781749,-0.2992554393712702,-0.4244294137204735,0.6562599787222912,0.835889045777351,0.7875273766227656,-0.5338594830669633,1,0
10306,0.8892183873137863,-0.17197792127987005,-0.09414217839666507,-0.8414000270452434,-1.3482818732700141,1.2899870397265654,3.2571004251766773,3.3102868750121868,2.9904364181378598,1.7920567101812956,1.12358249591352,-0.49047262425761096,-1.3694189127750513,-0.7046323684002318,0.7752921793974391,0.7590068830541896,0.8674419934660977,-0.4606458073888173,1,0
10307,-0.40253488100436163,-0.04085758255657434,0.017930005281126177,-1.661002125928693,1.576452651823401,1.5065205785378102,0.6528776582710205,0.7525398690302062,0.15058649907456254,0.26476339331611665,-0.8262652816102504,-0.49047262425761096,-0.14637494317073005,-0.3024978535821445,0.6562599787222912,-2.1368879128515577,-1.210338044460537,-1.2640525139454641,1,0
10308,0.06988126079832652,-0.1528856736597029,-0.12723995253546794,-1.661002125928693,1.576452651823401,1.5065205785378102,1.188391883240409,1.0452626952488966,1.7017064875735672,1.538826730182924,-0.8262652816102504,0.567372729781749,-0.2992554393712702,-0.5233169695687383,0.6562599787222912,0.7590068830541896,0.9739948159238739,-1.086525548141818,1,0
10309,-0.6906366047593041,-0.19791523275399833,0.010756101899772025,-1.661002125928693,1.576452651823401,-0.6588148095746386,3.0751537702834875,3.0687363354509856,2.5771140259929157,3.5646665701698974,-0.8262652816102504,-0.314165065251051,0.6180275378319708,0.1936084888413684,0.6562599787222912,-2.060005750128396,1.3735679001405345,-1.0949483603879764,1,0
10310,0.43849088655822693,-0.4943425757798541,-0.12942669725122039,-0.8414000270452434,-1.3482818732700141,0.20731934567034097,0.00912119633973431,0.15148233252782822,-0.6040751719766,-0.5028399835539474,0.1486586071516349,0.567372729781749,-1.3694189127750513,-0.7245785540714957,0.8050502295662261,0.835889045777351,0.7875273766227656,-0.6948647786954526,1,0
10312,-0.35436547655170914,-0.15641972200289408,-0.015351332924212466,-1.661002125928693,1.576452651823401,1.5065205785378102,6.369064737831235,6.018515096842886,7.153846806429351,7.347289396395574,-0.8262652816102504,0.567372729781749,-0.2992554393712702,-0.31027870710151884,0.6562599787222912,0.656497332756641,0.7342509653938776,-0.7849240788659155,1,0
10314,0.07427593308457452,0.09938516173574821,-0.11013259481975134,-1.661002125928693,-0.8608261190877784,1.2899870397265654,4.579507228059861,4.560104927104432,4.242013774127327,4.110693714541386,-0.8262652816102504,0.567372729781749,-0.2992554393712702,-0.4777993205323915,0.6562599787222912,0.656497332756641,0.8940801990805418,-0.05149150481581527,1,0
10451,-1.1393616102662316,-0.5275998570860344,-0.1002618903850616,0.7978041707216555,-1.1045539961788964,-0.8753483483858834,-0.4277644113979251,-0.512022740234537,-0.15127816934590246,0.3518111989405569,-0.8262652816102504,1.272602965807989,-0.14637494317073005,-0.06282482998783641,0.5967438783847174,-0.2660886199212962,-0.09153340865388751,-0.0271949310288199,1,0
10452,-0.8791166220610606,-0.43956364368501366,-0.13371260973252583,0.7978041707216555,1.332724774732283,-1.3084154260083731,-0.1575148789831871,-0.22753951949459478,0.1320102117871493,0.20145589831652372,1.6110444402944628,0.7436802887883089,-1.3694189127750513,-1.3768628422425293,-0.08769127549738266,0.01581264339696242,0.8141655822372097,1.0842923311469284,1,0
10453,-1.1615769027309433,0.010653659559812461,-0.1487691027644893,0.7978041707216555,-1.1045539961788964,1.2899870397265654,-0.21163599746413594,-0.24445239389834134,0.01590841624081662,-0.2970906248052705,1.6110444402944628,0.7436802887883089,-1.3694189127750513,-1.1651614755159563,0.5967438783847174,-0.03544213175181187,-0.09153340865388751,1.1575060068250742,1,0
10454,-1.0443656312051264,-0.38708752220156417,-0.2031826863206447,0.7978041707216555,-0.8608261190877784,-0.009214193140903906,-0.6442488853217204,-0.6572999947282575,-0.49029541234119395,-0.6531952841779806,1.2860698107071677,-1.548317978296971,-0.14637494317073005,-0.5818235771276954,0.5967438783847174,0.7333794954798025,0.9207184046949858,-0.2840907045366509,1,0
10455,-0.967142950840946,0.34719961283866224,-0.1331219975143752,0.7978041707216555,-1.3482818732700141,-1.0918818871971283,-0.558438427730216,-0.5592920558757773,-0.4972615200739739,-0.5107534204288965,1.2860698107071677,-1.548317978296971,1.2295495226341315,-0.22843369748692888,0.5967438783847174,0.7846342706285767,0.09493403064722074,0.22451757340445214,1,0
10456,-0.8654028925566378,-0.11259528358400407,-0.1106527095884949,0.7978041707216555,-0.8608261190877784,-1.3084154260083731,0.10169679374135733,0.09944271897783881,0.03680673943915651,0.32015745144076047,1.2860698107071677,1.272602965807989,-0.2992554393712702,-0.9363120560120278,0.5967438783847174,0.835889045777351,-0.09153340865388751,1.7344686456869243,1,0
10457,-1.0768436545061617,-0.09399510503334153,-0.15222676841686933,0.7978041707216555,-0.8608261190877784,-1.0918818871971283,0.15795427216234362,-0.040196910714632834,0.9447227806114782,1.0244533333112316,1.2860698107071677,-0.49047262425761096,1.2295495226341315,-1.1193448731758506,0.5967438783847174,0.8615164333517382,0.9739948159238739,1.4312474048252222,1,0
10458,-0.7751163575733039,0.17567873860394714,-0.19075468214839097,0.7978041707216555,1.332724774732283,0.42385288448158587,-0.09128772084202603,-0.11001672556086865,-0.011956014690303225,0.019446850192694105,0.1486586071516349,-1.548317978296971,0.6180275378319708,-0.8064363770225418,0.8050502295662261,0.6821247203310282,0.9207184046949858,1.7166511582431276,1,0
10459,-0.8138499672098262,-0.04856704992571048,-0.19352452675719767,0.7978041707216555,-1.1045539961788964,-1.3084154260083731,-0.19881783782391124,-0.16335732944960782,-0.2929223599124283,-0.4395324885543545,1.2860698107071677,-0.49047262425761096,0.6180275378319708,-1.0170917981465335,0.5967438783847174,0.8615164333517382,0.9739948159238739,0.8047197554379015,1,0
10460,-0.9810429198247654,0.10933271222589772,-0.144789737147593,0.7978041707216555,-1.1045539961788964,1.0734535009153205,-0.13686339956282506,-0.10568009109836954,-0.2604138571594552,-0.22586969293072842,0.1486586071516349,0.7436802887883089,0.6180275378319708,-1.028867885690467,0.5967438783847174,0.835889045777351,1.000633021538318,0.48886429620696176,1,0
10461,0.23600789333254196,0.18077973114624346,-0.17677667036986144,-0.8414000270452434,1.332724774732283,-0.6588148095746386,0.6806503374915074,0.8531497885601858,-0.1536002052568291,0.08275434519228701,-0.8262652816102504,0.7436802887883089,0.6180275378319708,-0.04441855982263336,0.5967438783847174,-0.2660886199212962,0.7608891710083217,-0.004518128827624221,1,0
10462,-0.438950361297312,-0.2789847290263211,-0.07923963982636875,0.7978041707216555,-0.8608261190877784,1.2899870397265654,0.20637843080319257,0.29415760634404925,-0.18843074392072892,-0.13882188730628817,1.6110444402944628,0.567372729781749,-0.2992554393712702,-0.7366606307724232,0.5967438783847174,-0.2660886199212962,1.000633021538318,0.807311389975181,1,0
10463,0.11460834311992951,-0.49436452787964547,-0.12032960210248418,1.617406269605105,0.6015411434589293,-1.3084154260083731,0.03012873575010261,0.03612785582535166,-0.04214248153234972,0.15397527706682904,-0.8262652816102504,0.7436802887883089,1.2295495226341315,-0.31999790589032323,0.5967438783847174,-1.3680662856199435,-0.09153340865388751,-0.13150822115432,1,0
10464,0.5863516495661081,0.23076391350363662,-0.07804504006460236,-0.021797928161793923,0.6015411434589293,-1.3084154260083731,-0.8653621391155969,-0.8411732959382201,-0.8920076249315051,-0.8431177691767593,-0.8262652816102504,-0.314165065251051,0.6180275378319708,0.9988072190308822,0.6860180288910782,-2.060005750128396,-0.9173177827016527,-1.2896449050010992,1,0
10465,0.48053407768298406,-0.08788801253026679,-0.1415604430317193,-0.8414000270452434,-0.6170982419966604,-1.3084154260083731,0.5542490410392914,0.7044032264964659,-0.12573577432570926,-0.10716813980649172,1.2860698107071677,-1.548317978296971,-0.2992554393712702,-0.8999215719405692,0.6562599787222912,0.6308699451822539,0.8141655822372097,-0.7198092611167679,1,0
10466,0.6346836233267185,0.11652972949217238,-0.1659313844099576,0.7978041707216555,-0.8608261190877784,1.2899870397265654,0.47484766326789934,0.5799418174227412,-0.023566194244936493,0.05110059769249056,1.12358249591352,-0.49047262425761096,0.770908034032511,-0.7527886216882466,0.5967438783847174,0.835889045777351,1.000633021538318,0.6644475361076483,1,0
10467,0.1852267305238768,-0.2310507581299214,-0.15401261274623193,1.617406269605105,0.6015411434589293,-0.8753483483858834,0.2174162904933861,0.24949027138030833,0.03912877535008316,0.14606184019187993,0.1486586071516349,0.567372729781749,-1.3694189127750513,-0.6982031566832426,0.8050502295662261,0.6821247203310282,0.9739948159238739,1.9852092871687166,1,0
10468,-0.1852118744106664,-0.539149026803616,-0.1177165452353328,1.617406269605105,0.6015411434589293,-1.0918818871971283,-0.2312192969144793,-0.23404447118834346,-0.12573577432570926,-0.4395324885543545,1.6110444402944628,0.7436802887883089,-1.3694189127750513,-0.6910630147003824,0.5967438783847174,-0.21483384477252188,0.09493403064722074,0.5692049668626264,1,0
10469,0.6801022788876534,-0.27174596364965925,-0.11551345062225635,-0.8414000270452434,-0.6170982419966604,1.2899870397265654,1.0146346081173627,1.112480529417633,0.5058579934463406,0.5259068101894374,1.12358249591352,-0.49047262425761096,0.770908034032511,-0.029385989255307388,0.5967438783847174,0.835889045777351,0.7875273766227656,0.34664835097374885,1,0
10470,0.598024777767458,-0.03598792789874472,-0.16945499362465377,1.617406269605105,-0.6170982419966604,0.20731934567034097,-0.7631729219838054,-0.7479356549944891,-0.7689397216523924,-0.6927624685527262,1.12358249591352,-1.548317978296971,-0.2992554393712702,0.16842099751047795,0.5967438783847174,0.8871438209261253,0.8674419934660977,-0.9255202525133287,1,0
10471,0.9015409260317505,-0.429556502749488,-0.13988862783047284,1.617406269605105,-0.6170982419966604,-0.8753483483858834,-0.5926201867708153,-0.5670979979082759,-0.5994311001547467,-0.7798102741771664,-0.8262652816102504,-0.314165065251051,0.770908034032511,-0.6074879283398839,1.3109370824356044,0.7333794954798025,-1.210338044460537,-1.1658943558460029,1,0
10472,-0.3267730109220427,-0.13726543055764326,-0.15705853996108343,-0.8414000270452434,0.6015411434589293,1.0734535009153205,-0.059598381731470466,0.01704666419035554,-0.38348176043856785,-0.3287443723050669,1.12358249591352,-0.49047262425761096,1.2295495226341315,-0.649747911269788,0.8050502295662261,0.6821247203310282,0.9739948159238739,0.9278223959586781,1,0
10473,-0.2612719084956993,-0.43152829957903444,-0.03982995155494163,-0.8414000270452434,0.6015411434589293,0.20731934567034097,0.27331770892436613,0.3648447480827849,-0.13966798979126918,-0.10716813980649172,0.1486586071516349,0.567372729781749,0.770908034032511,-1.1646415586161933,0.7752921793974391,0.6821247203310282,1.000633021538318,-0.16163597265019428,1,0
10474,-1.7144105692129088,-0.4122814990143514,-0.10007490875886799,0.7978041707216555,-0.12964248781442453,-1.0918818871971283,-0.3583327133467078,-0.34289399619707134,-0.4299224786571009,-0.24169656668062667,1.2860698107071677,-1.548317978296971,-0.2992554393712702,-0.330908941440522,0.5967438783847174,0.835889045777351,1.000633021538318,-0.5727340011261559,1,0
10475,-0.09843098707081449,-0.37643363552075615,-0.0051869848292927165,-0.8414000270452434,0.6015411434589293,-1.3084154260083731,-0.5954686666908652,-0.5692663151395254,-0.6063972078875266,-0.7798102741771664,-0.8262652816102504,-0.314165065251051,1.2295495226341315,0.5755648623014257,-0.3257556768476783,-0.21483384477252188,-1.210338044460537,-1.1001316294625354,1,0
11001,1.5233892542812784,-0.8005237091780188,-0.15780756850066166,-0.4315989776035187,0.1140853892766934,0.6403864232928307,-0.7770592615940488,-0.7063039641544976,-0.9872110972794979,-1.0172133804256398,1.6110444402944628,1.096295406801429,0.6180275378319708,0.9641475474753601,-0.3257556768476783,-0.03544213175181187,-0.09153340865388751,-1.2656722855312639,1,1
11004,1.209625446913427,0.8617109978945031,-0.09654964097433924,-0.4315989776035187,0.1140853892766934,-1.3084154260083731,0.19106785123292416,0.23431205076156142,0.08092542174676293,-0.3050040616802196,-0.8262652816102504,1.272602965807989,-1.6751799051761318,0.9051221672552304,-0.3257556768476783,-2.060005750128396,-0.09153340865388751,-1.1380342845702482,1,1
11005,0.8522843070046542,2.8100225746661236,0.4136763090757297,0.3880031212799308,0.35781326636781136,-0.6588148095746386,-1.1804752302711214,-1.1746604861044023,-1.0917027132711972,-1.0805208754252327,-0.8262652816102504,1.096295406801429,-0.14637494317073005,-2.028053915829937,-0.3257556768476783,-0.24046123234690903,-0.9173177827016527,-1.4205224491337143,0,1
11040,1.4556561311762752,0.3331343760492422,0.11730590111162444,-0.4315989776035187,-0.8608261190877784,0.42385288448158587,-0.9358620171368329,-0.925737667956953,-0.9430924149718914,-0.6927624685527262,1.6110444402944628,-1.548317978296971,1.0766690264335914,-1.037225575306871,-0.08769127549738266,-0.2660886199212962,-0.09153340865388751,-1.2083323713939549,1,1
11096,-2.1745858308872554,-0.8005237091780188,-0.23478658355584434,-0.021797928161793923,1.820180528914519,-1.741482503630863,-1.2317478688320203,-1.2158585134981441,-1.1915502574410435,-1.1280014966749274,1.6110444402944628,1.096295406801429,1.0766690264335914,-2.9392519649217577,-0.3257556768476783,-0.21483384477252188,-0.517744698484992,-1.4182547689135947,0,1
11101,-0.8660359660094327,-0.30575195657787907,-0.0856096426065373,0.7978041707216555,-1.3482818732700141,-0.8753483483858834,-0.07953774117182004,-0.1663929735733572,0.255078115066262,0.39929182019025156,1.6110444402944628,-1.548317978296971,-0.14637494317073005,-1.2039507034930321,-0.14720737583495658,-0.13795168204936045,0.09493403064722074,2.59715899228384,1,1
11102,-0.36994007787885796,0.05266076788930559,-0.1931293344540893,1.617406269605105,0.6015411434589293,-1.0918818871971283,-0.6446049453117266,-0.6477593989107594,-0.5924649924219667,-0.4870131098040492,1.6110444402944628,-1.548317978296971,0.6180275378319708,-0.5665712857173457,-0.3257556768476783,0.6821247203310282,0.09493403064722074,-0.2322580137910608,1,1
11103,-0.5308430612304662,0.11278737184641595,-0.18817051698625786,1.617406269605105,-0.12964248781442453,-0.8753483483858834,-0.4334613712380249,-0.4066425227958084,-0.5088716996286071,-0.4790996729291001,-0.8262652816102504,1.272602965807989,0.6180275378319708,-0.19495963663696897,-0.3257556768476783,-0.03544213175181187,-1.210338044460537,0.2319685226991307,1,1
11104,0.6182992798978787,0.48324440316391537,-0.1656583641046768,-0.8414000270452434,0.6015411434589293,1.2899870397265654,-0.6599155248819951,-0.6850544552882518,-0.45778690958822077,-0.6057146629282859,-0.8262652816102504,1.272602965807989,1.0766690264335914,-0.8154959069652348,-0.3257556768476783,-1.3680662856199435,0.09493403064722074,-0.42565874113554397,1,1
11105,0.37517024457494796,0.625506839147352,-0.20755454607000393,-0.8414000270452434,0.6015411434589293,1.2899870397265654,0.10383315368139477,0.11809024716658502,0.08556949356861623,-0.13882188730628817,-0.8262652816102504,1.272602965807989,0.6180275378319708,-0.7765132426350674,-0.3257556768476783,0.6821247203310282,-1.95620780166497,-0.19500326731766793,1,1
11106,0.2569566696484745,-0.1485780070559132,-0.16733960182385502,-0.8414000270452434,0.6015411434589293,1.2899870397265654,-0.5680520474603845,-0.531971258762033,-0.6621260697497663,-0.6611087210529297,-0.8262652816102504,1.272602965807989,0.6180275378319708,-0.5555612217402399,-0.3257556768476783,0.6821247203310282,0.9739948159238739,0.28542098503052055,1,1
11109,-1.6098161588171798,-0.8005237091780188,2.6194713454288006,-1.661002125928693,0.6015411434589293,-0.009214193140903906,-1.2029070096415146,-1.1859357357069,-1.1776180419754834,-1.0805208754252327,1.6110444402944628,-1.548317978296971,-0.14637494317073005,-1.6130569899775902,-0.7721264293794827,-2.060005750128396,0.09493403064722074,-1.401733098738438,0,1
11201,-0.029532631444296346,-0.39929464195361697,-0.16836277724514717,-0.8414000270452434,0.6015411434589293,0.42385288448158587,0.31640096771512144,0.18704273512032102,0.9609770319879647,0.3438977620656078,-0.8262652816102504,-0.314165065251051,-1.6751799051761318,1.3694106775276282,-2.2600289378188307,-1.3680662856199435,-0.9173177827016527,0.42925670184953313,1,1
11203,1.2411492909574464,-0.41397882343423964,-0.1959149596695599,-0.8414000270452434,1.332724774732283,-1.0918818871971283,0.5179309220586547,0.6909596596627187,-0.26737996489223514,-0.18630250855598288,1.12358249591352,-0.49047262425761096,-1.3694189127750513,-0.4078136177492174,0.5967438783847174,0.835889045777351,0.7875273766227656,0.7399288920059139,1,1
11204,1.4114363930762934,0.9394844282646202,-0.20641957590735902,-0.8414000270452434,0.6015411434589293,1.2899870397265654,0.3890372056763949,0.5053517046677564,-0.17217649254424233,0.011533413317744991,1.12358249591352,-1.548317978296971,1.2295495226341315,-0.7824849047777382,0.5967438783847174,-0.2660886199212962,0.9207184046949858,0.21447498957249403,1,1
11205,0.03634721247476573,-0.5238771378317041,-0.2000044636770547,-0.8414000270452434,0.6015411434589293,1.2899870397265654,-0.3362569939663208,-0.29649200744833076,-0.4299224786571009,-0.5978012260533367,-0.8262652816102504,0.7436802887883089,-1.6751799051761318,0.3142553550112287,0.6562599787222912,0.6821247203310282,-1.95620780166497,0.29999892930271777,1,1
11206,-1.0196140084389191,-0.2902795403875221,-0.16418395176267733,0.7978041707216555,1.332724774732283,-1.3084154260083731,0.13623461277196283,0.09987638242408871,0.3735019465235213,-0.06760095543174616,-0.8262652816102504,0.567372729781749,0.770908034032511,0.27886137291137325,0.5967438783847174,0.7333794954798025,0.9207184046949858,0.9404566143279157,1,1
11207,-0.4548265394007076,-0.23821285339766665,-0.1529332100631345,-0.8414000270452434,0.6015411434589293,-1.0918818871971283,1.7178530883796914,1.6268053766700286,2.0291135510142255,1.5783939145576695,0.1486586071516349,0.567372729781749,0.770908034032511,0.10032787266336465,0.5967438783847174,0.835889045777351,0.8674419934660977,2.1219180090102103,1,1
11208,-0.9017676281002359,-0.19739180540272985,-0.04264814052135269,-0.021797928161793923,-0.8608261190877784,0.8569199621040756,1.576141212357207,1.5773677437975386,1.2535535567647231,1.9740657583051253,1.2860698107071677,0.567372729781749,-0.2992554393712702,-0.24375014081381383,0.5967438783847174,0.835889045777351,-0.14480981988277558,1.3094405815730854,1,1
11209,1.3316568712040724,-0.32843665898953356,-0.12386908022471851,-0.8414000270452434,1.332724774732283,-1.3084154260083731,0.8786196919349781,1.0365894263238984,0.17380685818382907,0.019446850192694105,-0.8262652816102504,0.567372729781749,1.2295495226341315,0.17884978217166236,0.6562599787222912,-0.2660886199212962,-1.210338044460537,0.4331441536554524,1,1
11210,1.1140379576618553,0.6074064934429343,-0.17702328607261988,-0.8414000270452434,-0.6170982419966604,1.2899870397265654,0.6076580395402277,0.6627715356564744,0.2434679355116287,0.5813008683140812,1.12358249591352,-0.49047262425761096,-1.3694189127750513,-0.461941718750613,0.7455341292286521,-0.2660886199212962,0.8141655822372097,-0.024279342174380453,1,1
11211,-0.22473491439216875,-0.21189826941890447,-0.14137823848118503,-0.8414000270452434,0.6015411434589293,1.2899870397265654,0.1771815116226807,0.23604670454656107,-0.04678655335420303,-0.2100428191808302,-0.8262652816102504,0.567372729781749,-0.2992554393712702,0.4211471052377088,0.5967438783847174,0.7333794954798025,-1.210338044460537,1.7092002089484493,1,1
11212,0.690635983623902,-0.3304482900142048,-0.21693290665801052,-0.8414000270452434,0.6015411434589293,1.2899870397265654,0.19177997121293663,0.2811477029565519,-0.1443120616131225,-0.3762249935547616,1.12358249591352,0.7436802887883089,-0.2992554393712702,-0.2785147726920999,0.5967438783847174,0.835889045777351,0.8674419934660977,0.298703112034078,1,1
11213,0.5392712947296365,-0.2378321048316411,-0.16840849218410842,-0.8414000270452434,0.6015411434589293,1.2899870397265654,0.01054543629975928,0.007506068372857476,0.127366139965296,-0.33665780918001603,1.2860698107071677,-0.49047262425761096,0.6180275378319708,-0.0242449891826301,0.5967438783847174,0.835889045777351,1.000633021538318,0.8348475069337759,1,1
11214,0.5189005338718482,-0.028260840300403583,-0.20444680466953283,-0.8414000270452434,0.6015411434589293,1.2899870397265654,0.2426965497838293,0.3032645387152974,0.05306099081564308,-0.3208309354301178,-0.8262652816102504,1.272602965807989,0.6180275378319708,-0.5949877880664323,0.5967438783847174,-0.2660886199212962,0.9207184046949858,0.7253509477337167,1,1
11215,0.25334980609530033,-0.4341143857172943,-0.19478556700343133,-0.8414000270452434,1.332724774732283,0.8569199621040756,0.954816529796314,0.9515913908589158,0.8889939187492385,0.8266174114375038,-0.8262652816102504,0.567372729781749,-0.14637494317073005,0.6120464340068933,-1.5160776835991567,0.7333794954798025,-1.95620780166497,1.011402609785942,1,1
11216,0.005801067565014014,-0.03632179427087219,-0.14212013916559915,0.7978041707216555,-0.8608261190877784,1.2899870397265654,-0.013666643020665201,-0.0206820556333868,0.10414578085602946,-0.2812637510553722,-0.8262652816102504,0.567372729781749,-0.2992554393712702,0.7952759215723824,0.5967438783847174,0.7333794954798025,0.9739948159238739,1.0347273206214578,1,1
11217,0.34133178578360623,0.47514391591435223,-0.20876878731688492,-0.8414000270452434,0.6015411434589293,0.42385288448158587,-0.11158314027238185,-0.17419891560585563,0.2527560791553353,-0.16256219793113552,1.6110444402944628,-1.548317978296971,-0.14637494317073005,-0.46285772028265126,-0.20672347617253048,-0.2917160074956833,-1.210338044460537,0.671574531085167,1,1
11218,0.9190724785675526,-0.04259970486064821,-0.13092558214009922,-0.8414000270452434,0.6015411434589293,-1.0918818871971283,0.4328325844471627,0.4619853600427652,0.2899086537301618,0.20145589831652372,1.6110444402944628,-1.548317978296971,0.6180275378319708,-0.5706864476745973,-0.3257556768476783,0.6821247203310282,-0.09153340865388751,0.8824687915562868,1,1
11219,0.5602028664480067,0.971444961346247,-0.18665822318784653,-0.8414000270452434,0.6015411434589293,1.0734535009153205,0.2825752686645284,0.3370902875227905,0.03912877535008316,-0.004293460432153238,1.12358249591352,-0.49047262425761096,-1.3694189127750513,-0.47064421433052184,0.5967438783847174,0.835889045777351,0.9207184046949858,0.8296642378592168,1,1
11220,0.23372319583703258,-0.18332353731227757,-0.17770825048683234,-0.8414000270452434,0.6015411434589293,1.2899870397265654,0.349514546785702,0.40387445824527696,0.05073895490471643,0.22519620894137107,-0.8262652816102504,0.567372729781749,1.2295495226341315,-0.2734789012640027,0.5967438783847174,0.7846342706285767,-1.210338044460537,2.1695392936327216,1,1
11221,-0.22771861526929257,0.5268094156542571,-0.2246145817435452,0.7978041707216555,-0.8608261190877784,1.2899870397265654,0.5261203018287982,0.5400447803677493,0.536044460288387,0.011533413317744991,1.12358249591352,-0.49047262425761096,0.770908034032511,-0.03253791079684874,0.5967438783847174,0.835889045777351,0.8674419934660977,2.115438922667012,1,1
11222,-0.47762346381280424,0.29395800317844395,-0.12082834577553006,0.7978041707216555,1.332724774732283,-0.8753483483858834,0.04081053545028988,0.047403105427849375,0.013586380329889968,-0.004293460432153238,-0.8262652816102504,0.567372729781749,-0.14637494317073005,-0.12665725889890136,0.6562599787222912,-2.060005750128396,-1.210338044460537,0.3119852390376355,1,1
11223,1.4843130748400173,-0.2638002585008918,-0.18473253862404154,-0.8414000270452434,0.6015411434589293,-1.3084154260083731,0.8106122338437859,0.7737893778964519,0.9888414629190846,0.5259068101894374,-0.8262652816102504,0.567372729781749,1.2295495226341315,-0.4825322231228086,0.6562599787222912,0.6821247203310282,-0.14480981988277558,0.5238513624602351,1,1
11224,-1.0532899537942,-0.5708858854141293,-0.07099864309608596,0.7978041707216555,-0.8608261190877784,-1.3084154260083731,-0.5986732066009214,-0.7058703007082476,-0.04910858926512968,-0.2575234404305249,-0.8262652816102504,0.7436802887883089,1.2295495226341315,-0.35022901846992704,0.5967438783847174,0.835889045777351,0.8674419934660977,-0.45805417285153777,1,1
11225,0.6821871916127964,0.34335678921583856,-0.2013891761481817,-0.8414000270452434,1.332724774732283,-1.524948964819618,-0.24118897663465408,-0.21106030853709812,-0.2789901444468684,-0.5582340416785913,-0.8262652816102504,0.7436802887883089,0.6180275378319708,0.20910764504657323,0.5967438783847174,-0.2660886199212962,0.9473566103094299,0.11372519693575324,1,1
11226,0.22449787739971605,-0.004404515969622537,-0.1471151617978347,0.7978041707216555,-0.8608261190877784,1.2899870397265654,0.08460591422105769,0.13326846778533194,-0.1234137384147826,-0.13090845043133906,-0.8262652816102504,0.567372729781749,-0.2992554393712702,-0.11000298271444835,0.5967438783847174,0.8102616582029639,-0.14480981988277558,1.1545904179706348,1,1
11228,1.3230409581615936,0.4844114074259128,-0.1996043409921938,-0.8414000270452434,-1.3482818732700141,-0.6588148095746386,0.05505293505053958,0.10204469965533827,-0.12109170250385595,-0.22586969293072842,-0.8262652816102504,0.567372729781749,-1.6751799051761318,0.04289419547534433,0.6562599787222912,0.6821247203310282,-0.09153340865388751,-0.8510107595665429,1,1
11229,1.5561334844959935,-0.28929506009147254,-0.17963419881315199,-0.8414000270452434,1.332724774732283,-0.6588148095746386,0.8212940335439731,0.7850646274989496,0.798434518223099,1.2064623814350612,1.12358249591352,-1.548317978296971,1.2295495226341315,0.1047912723789293,0.6562599787222912,0.6821247203310282,0.9739948159238739,0.26792745190388384,1,1
11230,1.017475277582249,1.080557862394302,-0.1436862006708348,-0.8414000270452434,-0.6170982419966604,1.0734535009153205,1.292717460312238,1.1445716244401265,1.7295709185046872,1.950325447680278,1.6110444402944628,-1.548317978296971,0.6180275378319708,-1.2289850533769602,-0.3257556768476783,0.6821247203310282,-0.11817161426833155,0.9119486344178411,1,1
11231,-0.2849485134299337,-0.2876428734446138,-0.19700964037810637,-0.8414000270452434,0.6015411434589293,-1.3084154260083731,0.00912119633973431,-0.058844438903379044,0.25972218688811527,0.39137838331530245,-0.8262652816102504,1.272602965807989,0.6180275378319708,0.018926591819673353,0.6562599787222912,-0.03544213175181187,0.8141655822372097,-0.20763748568690552,1,1
11232,-0.9677571302309206,-0.1356578668530571,-0.17459218628569662,-0.8414000270452434,1.332724774732283,0.8569199621040756,-0.5239006086996105,-0.5029158078632888,-0.5506683460252869,-0.5898877891783877,1.12358249591352,-1.548317978296971,-0.2992554393712702,-0.19336978519769896,0.5967438783847174,0.8615164333517382,0.9739948159238739,-0.10073256102412588,1,1
11233,-0.156642911650891,-0.32333531442806107,-0.20306703125347594,0.7978041707216555,-0.8608261190877784,-0.009214193140903906,0.3990068853965697,0.49407645506525866,0.034484703528229854,-0.265436877305474,0.1486586071516349,0.567372729781749,0.770908034032511,-0.8497142667078927,0.5967438783847174,0.835889045777351,1.053909432767206,1.080080925023849,1,1
11234,1.7683494484889197,-0.3129191470092584,-0.1927175526208535,-0.8414000270452434,-0.6170982419966604,0.20731934567034097,2.6240257629455783,2.781651134033544,1.757435349435807,1.5704804776827204,1.12358249591352,-1.548317978296971,-0.2992554393712702,-0.23961761057830175,-0.3257556768476783,0.6821247203310282,0.9739948159238739,-0.00646185473058385,1,1
11235,0.7594378713971526,-0.4487397991476135,-0.1086084098672292,-0.8414000270452434,0.6015411434589293,1.2899870397265654,0.46096132365765585,0.1801041199803224,1.771367564901367,0.9215786539368931,-0.8262652816102504,1.272602965807989,0.6180275378319708,-0.09651500934682328,0.5967438783847174,-0.2660886199212962,0.8674419934660977,0.9696125028723102,1,1
11236,1.4523112780929672,-0.09956283320120478,-0.23112828161022142,-0.8414000270452434,-0.6170982419966604,0.8569199621040756,1.061990586788193,0.9004191042014261,1.6622318770878142,1.5071729826831275,1.12358249591352,-0.49047262425761096,-1.3694189127750513,-0.5351995060857591,0.5967438783847174,0.8102616582029639,0.7875273766227656,0.31878827969799417,1,1
11237,-0.860797017175797,2.4585323072985155,-0.1388979335045197,0.7978041707216555,-0.8608261190877784,-1.0918818871971283,-0.25009047638481013,-0.3992702442095599,0.3526036233251814,0.5259068101894374,-0.8262652816102504,0.567372729781749,-0.2992554393712702,-0.5539897533588357,0.5967438783847174,0.835889045777351,0.8674419934660977,0.8873281063136857,1,1
11238,0.11433702910598635,-0.10252461247238796,-0.15875856797628463,-0.8414000270452434,0.6015411434589293,1.2899870397265654,0.09778013385128866,0.09423875762283986,0.1830950018275357,-0.17047563480608463,-0.8262652816102504,0.567372729781749,-1.6751799051761318,0.8081580836068706,0.6562599787222912,0.6821247203310282,-1.95620780166497,0.6842087494544045,1,1
11239,0.11207451722613103,-0.7989158176838703,0.29833429767188735,-0.8414000270452434,0.6015411434589293,1.2899870397265654,-0.8956272382661276,-0.8728307275144637,-0.959346666348378,-0.7085893423026244,0.31114592194528246,1.272602965807989,-1.3694189127750513,0.6611326509330736,1.2514209820980304,1.2459272469675453,-0.14480981988277558,-1.3356464180378105,0,1
11249,-0.9112568093604307,0.12032407244001592,-0.08824171516510368,0.7978041707216555,0.8452690205500472,-1.0918818871971283,-0.6146959061512023,-0.5358742297782821,-0.898973732664285,-0.819377458551912,-0.8262652816102504,-1.7246255373035309,-0.2992554393712702,0.9275447145170943,0.5967438783847174,0.7846342706285767,-1.210338044460537,-0.2753439379733326,1,1
11354,0.9240007116587274,-0.39582761717440457,-0.1020304008123725,-0.8414000270452434,1.332724774732283,-1.3084154260083731,0.746165375652656,0.7018012458189664,0.9888414629190846,0.4072052570652007,-0.8262652816102504,1.272602965807989,0.6180275378319708,0.37517325316433875,-1.5160776835991567,-2.060005750128396,-0.9173177827016527,1.0606436659942529,1,1
11355,0.7431692965703762,-0.23610378917344796,-0.1417758656051217,-0.8414000270452434,1.332724774732283,-1.3084154260083731,0.5428551213590916,0.5691002312664935,0.34563751559240147,0.50216649956459,-0.8262652816102504,1.272602965807989,0.6180275378319708,-0.1999781278916954,-0.2662395765101044,-0.2660886199212962,-0.9173177827016527,0.6307562871230147,1,1
11356,0.15094339628690065,-0.20796806981864904,-0.1847858904290975,-0.021797928161793923,-0.8608261190877784,-1.3084154260083731,-0.1859996781836865,-0.24445239389834134,0.17148482227290243,-0.2575234404305249,-0.8262652816102504,0.567372729781749,1.2295495226341315,0.01205178519685338,0.6562599787222912,-0.21483384477252188,-0.14480981988277558,-0.8331932721227463,1,1
11357,0.811397863078332,-0.12248458052871412,-0.010250305518676726,-0.8414000270452434,1.332724774732283,-1.3084154260083731,1.9752844611542046,2.289009459093644,0.5685529630413603,0.1935424614415746,-0.8262652816102504,1.272602965807989,0.6180275378319708,-0.6418757648662943,0.6562599787222912,-0.03544213175181187,0.8940801990805418,-0.9511126435689639,1,1
11358,1.479443201279747,0.3080411782408709,-0.07298998583723802,-0.8414000270452434,1.332724774732283,-0.6588148095746386,1.141391964559585,1.339286511806337,0.21560350458050886,0.1935424614415746,-0.8262652816102504,0.567372729781749,0.770908034032511,0.5006162147188186,0.7752921793974391,0.656497332756641,-1.210338044460537,-0.5464937014362009,1,1
11360,1.1884367771117912,0.29698671750043243,-0.1229650296296123,-0.8414000270452434,1.332724774732283,-0.6588148095746386,-0.38218873267712605,-0.403606878672059,-0.19075277983165556,-0.4790996729291001,-0.8262652816102504,-1.7246255373035309,1.2295495226341315,1.7600987245574524,-2.2600289378188307,-1.0605376347272977,0.7342509653938776,-1.2828418643407407,1,1
11361,1.2963944453767524,-0.3466390149882654,-0.13052947311509014,-0.8414000270452434,1.332724774732283,-1.3084154260083731,0.8793318119149907,0.9012864310939259,0.6985869740532529,0.7158292951882161,-0.8262652816102504,0.567372729781749,-0.2992554393712702,0.38818965248804677,0.7752921793974391,-2.060005750128396,-0.9173177827016527,-0.6582579408563797,1,1
11362,1.2921301892613983,-0.3462165608797492,0.07528947707738216,-0.8414000270452434,1.332724774732283,-0.6588148095746386,0.2829313286545347,0.38175762248653144,-0.1187696665929293,-0.2733503141804231,-0.8262652816102504,-1.7246255373035309,0.770908034032511,0.7923104681683218,-1.1887391317425,-2.060005750128396,-1.316890866918313,-1.1011034924140153,1,1
11363,0.8221125175890504,-0.3259401155241212,-0.04498303758719733,1.617406269605105,-0.12964248781442453,-1.3084154260083731,-0.26255257603502863,-0.35069993822956974,0.12504410405436936,0.13814840331693082,-0.8262652816102504,-1.7246255373035309,-0.7578969279728908,3.542376533277703,0.6860180288910782,-0.18920645719813473,-1.210338044460537,-1.3434213216496491,0,1
11364,1.68574339336779,-0.20198292385924596,-0.06928446655088195,-0.8414000270452434,1.332724774732283,-0.6588148095746386,1.1616873839899409,1.1892389594038675,0.9516888883442581,0.8740980326871984,-0.8262652816102504,1.272602965807989,0.6180275378319708,-0.5926267639424763,0.6860180288910782,-0.21483384477252188,1.3735679001405345,-0.9873955270908769,1,1
11365,1.4177192995234003,-0.4833842437706615,-0.07833553200974794,-0.8414000270452434,1.332724774732283,-0.6588148095746386,1.303043200022419,1.3644389916888318,0.9563329601661115,0.8028771008126564,1.6110444402944628,-1.548317978296971,0.6180275378319708,-0.6098810592671478,-0.2662395765101044,-0.2660886199212962,0.7875273766227656,-0.8234746426079481,1,1
11366,1.431691765858975,0.4952632785795963,-0.0856288375373796,-0.8414000270452434,-0.6170982419966604,1.2899870397265654,-0.19454511794383633,-0.10914939866836883,-0.4670750532319274,-0.7402430898024208,-0.8262652816102504,0.567372729781749,1.2295495226341315,0.06553761805761542,0.6562599787222912,-1.0605376347272977,-1.316890866918313,-0.9980860195571548,1,1
11367,1.0720861206517853,-0.2021083794302981,-0.13305038026578386,-0.8414000270452434,1.332724774732283,-0.6588148095746386,0.5549611610193038,0.669710150796473,0.0971796731232495,-0.2179562560557793,1.12358249591352,1.272602965807989,-1.3694189127750513,-1.4249717201772272,0.5669858282159305,0.6052425576078667,-0.14480981988277558,-0.5432541582646015,1,1
11368,0.07696647526545697,-0.27835382591946617,-0.12909045896740073,-1.661002125928693,-0.8608261190877784,1.2899870397265654,0.233438990043667,0.20959323432531643,0.2666882946208952,0.4546858783148954,-0.8262652816102504,0.567372729781749,1.2295495226341315,-0.22165612569575693,0.5967438783847174,-0.21483384477252188,-0.14480981988277558,2.359376523488445,1,1
11369,0.711117825975643,-0.2937896930839255,-0.11654058745281234,1.617406269605105,-0.6170982419966604,-0.8753483483858834,-0.12012858003253167,-0.08226226500087429,-0.2720240367140885,-0.24169656668062667,1.6110444402944628,-1.548317978296971,0.6180275378319708,0.17535445195403268,-0.08769127549738266,0.6821247203310282,-0.09153340865388751,-0.24554014079461828,1,1
11370,1.0698116739882348,0.09039030891339302,-0.1569856097234949,-0.8414000270452434,-0.6170982419966604,1.2899870397265654,-0.15858305895320585,-0.16465831978835754,-0.18610870800980225,0.11440809269208348,1.6110444402944628,0.567372729781749,1.0766690264335914,-1.32226646332188,-0.3257556768476783,-0.03544213175181187,-0.09153340865388751,-0.640440453412583,1,1
11371,0.36221185202808187,-0.7979152470825264,-0.17504630132128202,0.7978041707216555,-0.3733703649055425,1.2899870397265654,-1.1936494499013524,-1.1772624667819018,-1.1590417546880702,-1.096347749175131,-0.8262652816102504,-2.4298557733297708,-2.2867018899782923,0.3470775227169352,-2.2600289378188307,-1.3680662856199435,-0.9173177827016527,-1.401409144421278,0,1
11372,0.21613819167773923,0.9060474513206218,-0.16675381301280914,0.7978041707216555,-0.8608261190877784,1.0734535009153205,-0.11158314027238185,-0.13126623442711433,-0.023566194244936493,-0.004293460432153238,-0.8262652816102504,1.272602965807989,0.6180275378319708,-0.08160571776140293,-0.3257556768476783,-1.3680662856199435,-1.95620780166497,1.4694740142500948,1,1
11373,0.5043415622901843,0.05711073860252777,-0.1772272957520676,0.7978041707216555,1.332724774732283,0.6403864232928307,0.19427239114298034,0.14454371738782965,0.4245867365639077,0.23310964581632018,1.6110444402944628,-1.548317978296971,0.6180275378319708,-0.631884828803935,-0.3257556768476783,-0.21483384477252188,0.8141655822372097,1.201563793958826,1,1
11374,0.729307159707386,-0.24350364039492303,-0.2121977399112391,0.7978041707216555,-0.8608261190877784,1.2899870397265654,-0.19917389781391748,-0.22233555813959585,-0.07232894837439623,-0.12299501355638995,-0.8262652816102504,1.272602965807989,0.6180275378319708,-0.6157831674823725,-0.2662395765101044,-0.2660886199212962,0.8674419934660977,-0.6005940724019107,1,1
11375,0.8473933415061492,-0.04631912153438722,-0.14555809763451283,-0.8414000270452434,1.332724774732283,-0.6588148095746386,1.1656040438800095,1.1940092573126164,1.086366971178004,0.41511869394014983,-0.8262652816102504,1.272602965807989,0.6180275378319708,-0.13359446513005396,-1.5160776835991567,-2.060005750128396,-0.9173177827016527,0.016538901787771766,1,1
11377,0.5118942359121543,-0.08305514828716704,-0.17198770299336869,-0.8414000270452434,0.6015411434589293,1.2899870397265654,0.6909760772016884,0.7035358996039661,0.5824851785069202,0.5338202470643866,1.6110444402944628,-1.548317978296971,1.0766690264335914,-1.4890884966318518,-0.20672347617253048,-0.03544213175181187,-0.14480981988277558,2.9049155935857813,1,1
11378,0.6754471474125587,-0.35759039560243705,-0.2121558286060478,-0.8414000270452434,0.6015411434589293,1.2899870397265654,0.11700737331162575,0.07906053700409295,0.4408409879403943,-0.34457124605496514,1.12358249591352,-1.548317978296971,1.2295495226341315,-0.4657105516251626,0.5669858282159305,0.5796151700334796,0.8141655822372097,-0.4593499901201775,1,1
11379,1.1059087464011244,-0.38153266379745215,-0.19373795466041618,-0.8414000270452434,1.332724774732283,-1.3084154260083731,0.42642350462705036,0.4780309075540119,0.28526458190830845,-0.2179562560557793,-0.8262652816102504,1.272602965807989,0.6180275378319708,-0.48637974850531934,-0.08769127549738266,0.7333794954798025,0.8940801990805418,-0.9789727148447185,1,1
11385,0.4551149287444003,0.22785484488773178,-0.19847551048974704,0.7978041707216555,-0.8608261190877784,-0.6588148095746386,2.4189352087019826,2.0014905942299523,3.796182879229409,4.3006161995401655,-0.8262652816102504,0.567372729781749,1.2295495226341315,-0.30125684198536223,0.5967438783847174,0.656497332756641,0.7076127597794335,1.4173173691873449,1,1
11411,1.146772457155803,-0.025971663912547995,-0.16395224757297985,-0.8414000270452434,-1.3482818732700141,-0.6588148095746386,-0.14505277933296865,-0.11955732137836672,-0.2998884676452083,-0.020120334182051468,1.12358249591352,-1.548317978296971,-0.2992554393712702,1.0544727700838568,0.5669858282159305,0.5796151700334796,0.9739948159238739,-1.0061848774861533,1,1
11412,1.3213126216680635,2.950072146697921,-0.16655587016488366,-0.8414000270452434,-0.12964248781442453,1.2899870397265654,0.3488024268056895,0.5634626064652446,-0.5344140946488003,-0.7085893423026244,1.12358249591352,-0.49047262425761096,-1.3694189127750513,1.742783269699488,0.5669858282159305,0.835889045777351,0.8141655822372097,-0.5264085337722848,1,1
11413,0.592167027653175,-0.32274845282925385,-0.04106157379275318,0.7978041707216555,-0.6170982419966604,0.20731934567034097,1.3009068400823816,1.3366845311288376,1.0097397861174244,1.0798473914358755,1.12358249591352,-0.49047262425761096,-1.3694189127750513,1.5313643931585523,0.5669858282159305,0.835889045777351,0.8141655822372097,-0.5743537727119556,1,1
11414,0.511352032141363,0.34203703160800003,0.060107848847117736,-0.8414000270452434,-1.3482818732700141,1.2899870397265654,0.32494640747527126,0.2924229525590496,0.45477320340595423,0.3359843251906587,-0.8262652816102504,0.567372729781749,-1.6751799051761318,0.45172413263435046,-2.2600289378188307,0.7590068830541896,-1.210338044460537,-1.0152555983666316,1,1
11415,1.899386074545209,-0.12406253908030836,-0.19256507606939205,1.617406269605105,-0.6170982419966604,-0.8753483483858834,-0.6417564653916767,-0.6997990124607488,-0.3788376886167145,-0.2021293823058811,-0.8262652816102504,1.272602965807989,0.6180275378319708,0.8855952812063007,-0.3257556768476783,0.7333794954798025,-0.09153340865388751,-0.9562959126435229,1,1
11416,1.7901550651105322,-0.2724632136022689,-0.21162719453328813,1.617406269605105,-0.8608261190877784,-0.6588148095746386,-0.626089825831402,-0.6052603811782681,-0.6342616388186465,-0.7085893423026244,1.12358249591352,1.272602965807989,0.770908034032511,0.417567285304286,0.5967438783847174,0.656497332756641,-0.14480981988277558,-0.5429302039474416,1,1
11417,1.1616949215461492,-0.15251815709402086,-0.1930041706878344,0.7978041707216555,-0.8608261190877784,0.6403864232928307,-0.0019166633504592034,0.07689221977284338,-0.2906003240015017,-0.4553593623042527,-0.8262652816102504,0.567372729781749,1.2295495226341315,0.44218409507198525,0.7157760790598652,0.6821247203310282,-0.14480981988277558,-0.6294260066291452,1,1
11418,0.7783590238187056,6.827054201724507,-0.19515306297951657,-0.8414000270452434,-0.6170982419966604,0.20731934567034097,-0.09199984082203852,-0.03282463212838433,-0.3509732576855947,-0.24961000355557578,1.12358249591352,-1.548317978296971,1.2295495226341315,0.030153124217244153,-0.3257556768476783,0.6821247203310282,0.7875273766227656,0.05994878028720349,1,1
11419,1.7232661891830516,0.061308386792840355,-0.17711381564269674,-0.8414000270452434,-0.6170982419966604,1.2899870397265654,-0.3002949349756903,-0.3550365726920689,-0.07000691246346957,0.043187160817541446,1.12358249591352,1.272602965807989,-0.2992554393712702,-0.29256962546063153,-0.3257556768476783,0.8615164333517382,0.8141655822372097,0.6025722615301001,1,1
11420,1.619439982562028,0.17923046275013288,-0.16110372614798438,-0.8414000270452434,0.6015411434589293,0.6403864232928307,0.6165595392903838,0.669276487350223,0.3549256592361081,0.28059026706601486,1.12358249591352,1.272602965807989,-1.3694189127750513,-0.5383321369811702,-0.3257556768476783,0.656497332756641,0.8940801990805418,0.11145751671563367,1,1
11421,1.7811256004534777,7.2634281731162655,-0.1967843397752486,-0.8414000270452434,1.332724774732283,-0.6588148095746386,-0.2686055958651347,-0.21062664509084822,-0.4299224786571009,-0.6611087210529297,1.12358249591352,-1.548317978296971,1.2295495226341315,0.2900691048791001,0.5967438783847174,0.7333794954798025,0.7875273766227656,-0.3352754866479212,1,1
11422,0.6878825352140493,0.4849615100532026,-0.07154420477517022,-0.4315989776035187,0.6015411434589293,-0.8753483483858834,0.9291802105158645,0.9992943699464061,0.5453326039320937,0.5575605576892338,-0.8262652816102504,0.567372729781749,-0.2992554393712702,0.7290134310241052,0.5669858282159305,0.835889045777351,-0.14480981988277558,-0.8506868052493829,1,1
11423,0.96397892350325,-0.3359905145095797,-0.1093804862724848,-0.8414000270452434,1.332724774732283,-0.6588148095746386,-0.021856022790808775,0.07515756598784373,-0.4252784068352476,-0.40787874105455807,1.12358249591352,1.272602965807989,-1.3694189127750513,1.2656171304363992,0.5669858282159305,0.7333794954798025,-0.14480981988277558,-0.7943187540635537,1,1
11426,1.3382772561279257,0.531085839530819,-0.165235702910994,-0.4315989776035187,-0.8608261190877784,0.8569199621040756,0.490514302828174,0.4407358511765195,0.7055530817860328,0.4546858783148954,1.6110444402944628,-1.548317978296971,1.0766690264335914,-0.2203611441531577,-0.3257556768476783,-0.21483384477252188,-0.11817161426833155,-1.007480694754793,1,1
11427,1.1852676267535966,-0.28880337680994117,-0.14510097466361213,1.617406269605105,-0.8608261190877784,-0.6588148095746386,0.23984806986377935,0.10551400722533757,0.9122142778585051,0.2964171408159131,1.6110444402944628,0.567372729781749,-1.3694189127750513,0.3042000413318503,-0.3257556768476783,-0.24046123234690903,-0.09153340865388751,-1.0171993242695911,1,1
11428,1.07306475550105,3.961424497073884,-0.09245764912484798,1.617406269605105,-0.6170982419966604,-1.3084154260083731,-0.30385553487575273,-0.3927652925158112,0.08556949356861623,0.12232152956703259,-0.8262652816102504,0.567372729781749,1.2295495226341315,1.8575878896755211,-0.3257556768476783,0.7333794954798025,-0.09153340865388751,-0.8610533433985009,1,1
11429,1.1129244367939364,-0.10629239105476593,-0.14346542694676884,-0.8414000270452434,-0.12964248781442453,0.8569199621040756,-0.26255257603502863,-0.22710585604834488,-0.49261744825212056,-0.012206897307102352,1.12358249591352,-0.49047262425761096,1.2295495226341315,1.4990453801712256,0.7455341292286521,0.6821247203310282,0.9739948159238739,-0.8173195105819093,1,1
11430,-2.037845426050469,-0.6271696657484159,-0.23478658355584434,0.7978041707216555,-0.3733703649055425,-0.8753483483858834,-1.2217781891118455,-1.2037159370031465,-1.1915502574410435,-1.1280014966749274,-0.8262652816102504,-0.314165065251051,0.006505553029810127,0.764865410161583,-2.2600289378188307,-1.3680662856199435,-0.9173177827016527,-1.1561757263312047,1,1
11432,0.6616955730753995,0.4697429883664849,-0.07205752106107047,-0.8414000270452434,1.332724774732283,-0.6588148095746386,1.1203844251492168,1.1996468821138653,0.7380615845390059,0.494253062689641,-0.8262652816102504,0.567372729781749,1.2295495226341315,-0.38499146419231045,-0.3257556768476783,0.6821247203310282,0.8674419934660977,1.148435285944596,1,1
11433,0.6232898994367596,-0.5275030234986705,-0.1267942725163192,1.617406269605105,-0.8608261190877784,0.8569199621040756,0.021583295989952792,0.06474964327784585,-0.19539685165350887,-0.03594720793194969,0.1486586071516349,0.567372729781749,0.770908034032511,0.901993086285663,0.5967438783847174,0.835889045777351,1.000633021538318,-0.04728009869273607,1,1
11434,0.5961328662297983,-0.42267710605387193,-0.05620169461380273,0.7978041707216555,1.332724774732283,0.20731934567034097,1.5540654929768198,1.727848959646258,0.7032310458751062,0.6129546158138777,-0.8262652816102504,0.567372729781749,-0.2992554393712702,1.8526290202390379,0.7752921793974391,0.7333794954798025,0.7875273766227656,-0.20698957705258564,1,1
11435,0.8033821575958886,0.8015067611369319,-0.17820840724883322,-0.8414000270452434,0.6015411434589293,1.2899870397265654,0.31284036781505903,0.35573781571153673,0.10182374494510281,0.11440809269208348,-0.8262652816102504,0.567372729781749,1.2295495226341315,0.16462410066375335,-0.3257556768476783,0.6821247203310282,0.9739948159238739,0.25950463965772547,1,1
11436,1.4624894821764822,-0.3794032445803034,-0.12822397411120331,-0.8414000270452434,1.332724774732283,-0.6588148095746386,-0.42491593147787515,-0.34636330376707064,-0.671414213393473,-0.8352043323018102,1.12358249591352,-0.49047262425761096,0.770908034032511,1.4277233122396673,0.7752921793974391,0.7590068830541896,0.8141655822372097,-0.9676343137441207,1,1
11451,-0.33124037343631324,-0.8005237091780188,-0.16840849218410842,-1.661002125928693,-1.5920097503611321,-0.44228127076339363,-1.2317478688320203,-1.2167258403906438,-1.1892282215301166,-1.1200880597999783,-0.8262652816102504,-1.548317978296971,-1.3694189127750513,1.1560201658279978,-2.2600289378188307,-1.3680662856199435,-0.9173177827016527,-1.4244099009396336,0,1
11691,-0.7108972415824921,-0.17355467515530998,-0.006935546506765,0.7978041707216555,-0.8608261190877784,0.20731934567034097,0.6742412576713951,0.41124673683152546,1.7295709185046872,1.5863073514326187,0.1486586071516349,0.567372729781749,0.770908034032511,-0.69782215906635,0.7752921793974391,0.6821247203310282,0.8674419934660977,-0.11466259666200322,1,1
11692,-2.069998854577982,-0.5368349447811211,0.0904660641656617,-1.661002125928693,-0.12964248781442453,-0.009214193140903906,-0.571612647360447,-0.7331910978219921,0.022874523973596583,0.5971277420639794,1.2860698107071677,-0.49047262425761096,-1.3694189127750513,-0.675562012383734,0.7752921793974391,0.7590068830541896,0.8674419934660977,-1.1211886600779315,1,1
11693,-1.0342212700975209,-0.659113137113138,0.5535669125988822,-0.8414000270452434,0.6015411434589293,-1.3084154260083731,-0.874263638865753,-0.9951238193569388,-0.5228039150941671,0.5100799364395392,-0.8262652816102504,0.7436802887883089,-0.2992554393712702,-0.48281683291756555,0.7752921793974391,0.6821247203310282,0.8674419934660977,-1.107582578757214,1,1
11694,-0.978977385599842,-0.4093800433173243,0.1126777762898257,0.7978041707216555,-1.3482818732700141,0.20731934567034097,-0.10410588048225076,-0.3706484567570657,0.7427056563608593,1.9186717001804814,-0.8262652816102504,0.567372729781749,-1.6751799051761318,0.5093606014266392,0.6562599787222912,0.7590068830541896,-1.95620780166497,-1.1030472183169748,1,1
11697,-2.1745858308872554,-0.8005237091780188,-0.23478658355584434,0.7978041707216555,0.1140853892766934,-0.22574773195214878,-1.2264069689819266,-1.2197614845143931,-1.1729739701536301,-1.0013865066757417,-1.1512399111975455,-1.548317978296971,-1.980940897577212,6.908217264072993,0.894324380072587,-1.3680662856199435,-1.6365493342916415,-1.4153391800591553,0,1
